<?xml version="1.0" encoding="UTF-8"?>
<project-private xmlns="http://www.netbeans.org/ns/project-private/1">
    <editor-bookmarks xmlns="http://www.netbeans.org/ns/editor-bookmarks/2" lastBookmarkId="0"/>
    <open-files xmlns="http://www.netbeans.org/ns/projectui-open-files/2">
        <group>
            <file>file:/C:/Users/lab_services_student/Documents/NetBeansProjects/ST10372074_GLORIA_KHOSA_POE/src/st10372074_gloria_khosa_poe/ST10372074_GLORIA_KHOSA_POE.java</file>
            <file>file:/C:/Users/lab_services_student/Documents/NetBeansProjects/ST10372074_GLORIA_KHOSA_POE/src/st10372074_gloria_khosa_poe/Login.java</file>
        </group>
    </open-files>
</project-private>
